
mysql> select * from Account;
+----+------------------+-------------+---------------------+---------------------+
| id | email            | password    | createdOn           | modifiedOn          |
+----+------------------+-------------+---------------------+---------------------+
|  1 | dangus@gmail.com | somehting23 | 0000-00-00 00:00:00 | 0000-00-00 00:00:00 |
+----+------------------+-------------+---------------------+---------------------+
1 row in set (0.00 sec)


mysql> select * from AddressBook;
+----+-----------+---------------------+---------------------+--------------+
| id | accountId | createdOn           | modifiedOn          | name         |
+----+-----------+---------------------+---------------------+--------------+
|  1 |         1 | 0000-00-00 00:00:00 | 0000-00-00 00:00:00 | John Jangles |
+----+-----------+---------------------+---------------------+--------------+
1 row in set (0.00 sec)

mysql> select * from Entry;
+----+---------------+-----------+----------+---------------------+------+---------+-------------------+----------------+------------------+-----------------+-----------------+
| id | addressBookId | firstName | lastName | birthday            | type | subtype | contentLineOne    | contentLineTwo | contentLineThree | contentLineFour | contentLineFive |
+----+---------------+-----------+----------+---------------------+------+---------+-------------------+----------------+------------------+-----------------+-----------------+
|  1 |             1 | John      | Jangles  | 0000-00-00 00:00:00 | home | email   | jangles@gmail.com | NULL           | NULL             | NULL            | NULL            |
|  2 |             2 | Stacy     | Dorker   | 0000-00-00 00:00:00 | work | phone   | 514-502-1478      | NULL           | NULL             | NULL            | NULL            |
|  3 |            14 | Don       | Derkler  | 0000-00-00 00:00:00 | home | phone   | 514-222-4545      | NULL           | NULL             | NULL            | NULL            |
+----+---------------+-----------+----------+---------------------+------+---------+-------------------+----------------+------------------+-----------------+-----------------+
3 rows in set (0.00 sec)
