mysql> UPDATE Account 
    -> SET email = "jangles@gmail.com";
    
    mysql> select * from Account;
+----+-------------------+-------------+---------------------+---------------------+
| id | email             | password    | createdOn           | modifiedOn          |
+----+-------------------+-------------+---------------------+---------------------+
|  1 | jangles@gmail.com | somehting23 | 0000-00-00 00:00:00 | 0000-00-00 00:00:00 |
+----+-------------------+-------------+---------------------+---------------------+
1 row in set (0.00 sec)


mysql> update AddressBook set modifiedOn = "2016-05-18";
Query OK, 1 row affected (0.01 sec)
Rows matched: 1  Changed: 1  Warnings: 0

mysql> select * from AddressBook;
+----+-----------+---------------------+---------------------+--------------+
| id | accountId | createdOn           | modifiedOn          | name         |
+----+-----------+---------------------+---------------------+--------------+
|  1 |         1 | 2016-05-12 00:00:00 | 2016-05-18 00:00:00 | John Jangles |
+----+-----------+---------------------+---------------------+--------------+
1 row in set (0.00 sec)


mysql> update Entry
    -> set type = "work";
Query OK, 2 rows affected (0.01 sec)
Rows matched: 3  Changed: 2  Warnings: 0

+----+---------------+-----------+----------+---------------------+------+---------+-------------------+----------------+------------------+-----------------+-----------------+
| id | addressBookId | firstName | lastName | birthday            | type | subtype | contentLineOne    | contentLineTwo | contentLineThree | contentLineFour | contentLineFive |
+----+---------------+-----------+----------+---------------------+------+---------+-------------------+----------------+------------------+-----------------+-----------------+
|  1 |             1 | John      | Jangles  | 0000-00-00 00:00:00 | work | email   | jangles@gmail.com | NULL           | NULL             | NULL            | NULL            |
|  2 |             2 | Stacy     | Dorker   | 0000-00-00 00:00:00 | work | phone   | 514-502-1478      | NULL           | NULL             | NULL            | NULL            |
|  3 |            14 | Don       | Derkler  | 0000-00-00 00:00:00 | work | phone   | 514-222-4545      | NULL           | NULL             | NULL            | NULL            |
+----+---------------+-----------+----------+---------------------+------+---------+-------------------+----------------+------------------+-----------------+-----------------+
3 rows in set (0.00 sec)
